Workbook

Sheet 단위
A1: TC-ID | B1: 테스트구분 | C1: 관련 인수조건(AC-ID) | D1: 시나리오명 | E1: 사전조건(Given) | F1: 실행절차(When) | G1: 기대결과(Then) | H1: 테스트데이터 | I1: 우선순위(상/중/하) | J1: 자동화여부 | K1: 결과(Pass/Fail) | L1: 비고
A2: TC-U1 | B2: 단위 | C2: AC1 | D2: GitHub URL 정상 파싱 | E2: 유효한 https://github.com/owner/repo 형식 URL | F2: parseRepoUrl(url) 호출 | G2: {owner, repo} 객체 반환 | H2: https://github.com/octocat/Hello-World | I2: 상 | J2: Y | K2: Pass | L2: test/github.test.js, node --test 통과
A3: TC-U2 | B3: 단위 | C3: AC1 | D3: URL 끝 슬래시·.git 처리 | E3: URL 끝에 '/' 또는 '.git'이 붙은 경우 | F3: parseRepoUrl(url) 호출 | G3: 동일하게 {owner, repo} 반환 | H3: .../Hello-World/, .../Hello-World.git | I3: 중 | J3: Y | K3: Pass | L3: -
A4: TC-U3 | B4: 단위 | C4: AC4 | D4: 잘못된 URL 형식 판별 | E4: GitHub 레포 URL 형식이 아닌 문자열 | F4: parseRepoUrl(url) 호출 | G4: null 반환(이후 400 오류로 이어짐) | H4: "not-a-valid-url", "", undefined | I4: 상 | J4: Y | K4: Pass | L4: -
A5: TC-U4 | B5: 단위 | C5: AC1 | D5: 리포트 생성 및 개인정보 미노출 | E5: 정상 분석 결과 데이터(mock) | F5: buildReportMarkdown(data) 호출 | G5: 기술스택·커밋 요약 포함, 이메일 등 '@' 문자열 미포함 | H5: 언어 HTML 76%, 커밋 1건(mock) | I5: 상 | J5: Y | K5: Pass | L5: 마스킹 원칙(스펙 3단계 ⑤) 검증
A6: TC-U5 | B6: 단위 | C6: AC4 | D6: 빈 레포 결측값 처리 | E6: 커밋 0건·언어 통계 없음(mock) | F6: buildReportMarkdown(data) 호출 | G6: "커밋 없음", "언어 통계 없음" 문구 포함 | H6: languageStats: [], commits: [] | I6: 중 | J6: Y | K6: Pass | L6: -

Sheet 통합
A1: TC-ID | B1: 테스트구분 | C1: 관련 인수조건(AC-ID) | D1: 시나리오명 | E1: 사전조건(Given) | F1: 실행절차(When) | G1: 기대결과(Then) | H1: 테스트데이터 | I1: 우선순위(상/중/하) | J1: 자동화여부 | K1: 결과(Pass/Fail) | L1: 비고
A2: TC-I1 | B2: 통합 | C2: AC1 | D2: 정상 레포 분석 API | E2: 서버 기동 중, 유효한 공개 레포 URL | F2: POST /api/analyze 호출 | G2: 200 응답, 분석결과·Markdown 리포트 반환 및 SQLite 저장 | H2: https://github.com/octocat/Hello-World | I2: 상 | J2: Y | K2: Pass | L2: 실제 GitHub API 연동 확인(분석 이력 ID=1)
A3: TC-I2 | B3: 통합 | C3: AC4 | D3: 잘못된 URL 형식 오류 | E3: 형식이 올바르지 않은 URL | F3: POST /api/analyze 호출 | G3: 400 응답, "URL 형식이 올바르지 않습니다" 안내 | H3: "not-a-valid-url" | I3: 상 | J3: Y | K3: Pass | L3: 분석 이력 ID=21로 실패 기록됨
A4: TC-I3 | B4: 통합 | C4: AC5 | D4: GitHub API Rate Limit 초과 처리 | E4: 비인증 상태로 GitHub API 호출 한도 소진 | F4: POST /api/analyze 호출 | G4: 429 응답, 재시도 가능 시각(UTC) 안내 | H4: https://github.com/facebook/react (한도 소진 후 재호출) | I4: 상 | J4: Y | K4: Pass | L4: GitHub 403(rate limit) → 앱 429 매핑 확인, 실제 발생 재현됨
A5: TC-I4 | B5: 통합 | C5: AC6 | D5: Notion 토큰 미설정 처리 | E5: .env의 NOTION_TOKEN·NOTION_PARENT_PAGE_ID가 비어 있음 | F5: POST /api/analyses/1/notion-upload 호출 | G5: 401 응답, ".env 설정을 확인하세요" 안내(토큰 값 자체는 응답에 없음) | H5: analysisId=1 | I5: 상 | J5: Y | K5: Pass | L5: 응답 바디에 토큰 실값 미포함 확인
A6: TC-I5 | B6: 통합 | C6: AC3 | D6: 분석 이력 목록 조회 | E6: 분석 이력이 1건 이상 존재 | F6: GET /api/analyses 호출 | G6: 200 응답, 이력 배열 반환(최신순) | H6: - | I6: 중 | J6: Y | K6: Pass | L6: 22건(성공 18건, 실패 4건) 확인
A7: TC-I7 | B7: 통합 | C7: AC2 | D7: Notion 업로드 성공 | E7: 분석 완료 상태, NOTION_TOKEN·NOTION_PARENT_PAGE_ID 설정됨 | F7: POST /api/analyses/29/notion-upload 호출 | G7: 200 응답, app.notion.com 페이지 URL 반환 및 report.notion_url 저장 | H7: analysisId=29 (octocat/Hello-World) | I7: 상 | J7: Y | K7: Pass | L7: host만 확인(app.notion.com), 토큰 실값은 미확인
A8: TC-I8 | B8: 통합 | C8: - | D8: 비관리자 감사로그 조회 차단 | E8: role 파라미터 없음(일반 사용자) | F8: GET /api/audit-log 호출 | G8: 403 응답, 감사로그 내용이 노출되지 않음 | H8: - | I8: 중 | J8: Y | K8: Pass | L8: 감사로그 자체도 관리자 전용 리소스로 보호
A9: TC-I9 | B9: 통합 | C9: - | D9: 분석 실행 시 감사로그 기록 확인 | E9: 정상 분석 1건 실행 | F9: GET /api/audit-log?role=admin 로 직후 로그 조회 | G9: action=analyze 행이 실제로 추가되고 누가(actor_role)·언제(at)·무엇(result/detail)이 모두 채워짐 | H9: https://github.com/octocat/Hello-World | I9: 상 | J9: Y | K9: Pass | L9: 실무 필수요건(감사로그) 자동 검증
A10: TC-I10 | B10: 통합 | C10: - | D10: 관리자 기능 사용 시 감사로그 기록 확인(성공/거부 모두) | E10: 분석 1건 존재 | F10: 비관리자로 DELETE 시도 → 403 확인 → 관리자로 DELETE 재시도 → 200 확인 → 각각 감사로그 조회 | G10: forbidden(비관리자)·success(관리자) 두 건이 각각 기록됨 | H10: - | I10: 상 | J10: Y | K10: Pass | L10: 권한 분기 자체도 감사로그로 추적 가능함을 확인

Sheet E2E
A1: TC-ID | B1: 테스트구분 | C1: 관련 인수조건(AC-ID) | D1: 시나리오명 | E1: 사전조건(Given) | F1: 실행절차(When) | G1: 기대결과(Then) | H1: 테스트데이터 | I1: 우선순위(상/중/하) | J1: 자동화여부 | K1: 결과(Pass/Fail) | L1: 캡처 파일명 | M1: 비고
A2: TC-E1 | B2: E2E | C2: AC1 | D2: 메인화면 초기 렌더 | E2: 서버 기동(npm start) 완료 | F2: http://localhost:4000/index.html 접속 | G2: URL 입력폼과 '분석 실행' 버튼이 정상 노출됨 | H2: - | I2: 상 | J2: Y | K2: Pass | L2: 01_초기화면.png | M2: -
A3: TC-E2 | B3: E2E | C3: AC1 | D3: 레포 URL 입력 상태 확인 | E3: 메인화면 접속 상태 | F3: 레포 URL 입력창에 값 입력 | G3: 입력한 URL이 입력창에 그대로 반영됨 | H3: https://github.com/facebook/react | I3: 중 | J3: Y | K3: Pass | L3: 02_실행_입력.png | M3: -
A4: TC-E3 | B4: E2E | C4: AC1 | D4: 분석 결과 화면 확인 | E4: 분석 실행 완료(정상 응답 수신) | F4: 결과 미리보기 영역 스크롤/확인 | G4: 기술스택 막대그래프·최근 커밋 5건·Markdown 리포트 원문이 표시됨 | H4: facebook/react 실제 분석 결과 | I4: 상 | J4: Y | K4: Pass | L4: 03_결과확인_차트리포트.png | M4: -
A5: TC-E4 | B5: E2E | C5: AC4 | D5: GitHub 예외(비공개/미존재 레포) 화면 확인 | E5: 존재하지 않는(또는 비공개) 레포 URL, GITHUB_TOKEN 인증 상태 | F5: '분석 실행' 버튼 클릭 | G5: "비공개 레포이거나 존재하지 않는 레포입니다"(HTTP 404) 오류 박스가 표시되고 리포트는 생성되지 않음 | H5: https://github.com/this-org-does-not-exist-xyz/private-tool | I5: 상 | J5: Y | K5: Pass | L5: 04_예외처리.png | M5: GITHUB_TOKEN 설정 후 인증 상태에서 재검증(HTTP 429 대신 404로 실제 재현)
A6: TC-E5 | B6: E2E | C6: AC3 | D6: 이력 목록 화면 확인 | E6: 분석 이력 22건 존재 | F6: history.html 접속 | G6: 이력 테이블에 레포명·수집시각·상태(success/failed)가 표시됨 | H6: - | I6: 중 | J6: Y | K6: Pass | L6: 05_이력목록.png | M6: -
A7: TC-E6 | B7: E2E | C7: AC6 | D7: Notion 업로드 실패 안내 확인 | E7: NOTION_TOKEN 미설정 상태 | F7: 'Notion에 업로드' 버튼 클릭 | G7: "업로드 실패(HTTP 401)" 안내가 표시되고 토큰 값은 노출되지 않음 | H7: analysisId=5 | I7: 상 | J7: Y | K7: Pass | L7: 06_Notion업로드실패.png | M7: -
A8: TC-E7 | B8: E2E | C8: AC2 | D8: Notion 업로드 성공 화면 확인 | E8: 분석 실행 완료(octocat/Spoon-Knife), Notion 설정 완료 | F8: 'Notion에 업로드' 버튼 클릭 | G8: "업로드 완료" 안내와 함께 실제 Notion 페이지 링크(app.notion.com)가 표시됨 | H8: analysisId=30 (octocat/Spoon-Knife) | I8: 상 | J8: Y | K8: Pass | L8: 07_Notion업로드성공.png | M8: -

Sheet 요약
A1: 테스트 결과 요약
A3: 테스트 구분 | B3: 케이스 수 | C3: Pass | D3: Fail | E3: 비고
A4: 단위 | B4: =COUNTA(단위!A2:A1000) -> 5 | C4: =COUNTIF(단위!K2:K1000,"Pass") -> 5 | D4: =COUNTIF(단위!K2:K1000,"Fail") -> 0 | E4: -
A5: 통합 | B5: =COUNTA(통합!A2:A1000) -> 9 | C5: =COUNTIF(통합!K2:K1000,"Pass") -> 9 | D5: =COUNTIF(통합!K2:K1000,"Fail") -> 0 | E5: -
A6: E2E | B6: =COUNTA(E2E!A2:A1000) -> 7 | C6: =COUNTIF(E2E!K2:K1000,"Pass") -> 7 | D6: =COUNTIF(E2E!K2:K1000,"Fail") -> 0 | E6: -
A7: 합계 | B7: =SUM(B4:B6) -> 21 | C7: =SUM(C4:C6) -> 21 | D7: =SUM(D4:D6) -> 0
A9: 인수조건(AC) 커버리지 (전체 6개 대비)
A10: AC-ID | B10: 설명 | C10: 커버 TC 수 | D10: Pass 수 | E10: 상태
A11: AC1 | B11: 정상: 분석 실행 → 기술스택·커밋 요약 리포트 표시 | C11: =COUNTIF(단위!C2:C1000,"AC1")+COUNTIF(통합!C2:C1000,"AC1")+COUNTIF(E2E!C2:C1000,"AC1") -> 7 | D11: =COUNTIFS(단위!C2:C1000,"AC1",단위!K2:K1000,"Pass")+COUNTIFS(통합!C2:C1000,"AC1",통합!K2:K1000,"Pass")+COUNTIFS(E2E!C2:C1000,"AC1",E2E!K2:K1000,"Pass") -> 7 | E11: =IF(D11=0,"미검증",IF(D11=C11,"O","X")) -> O
A12: AC2 | B12: 정상: Notion 업로드 → 성공 시 페이지 링크 표시 | C12: =COUNTIF(단위!C2:C1000,"AC2")+COUNTIF(통합!C2:C1000,"AC2")+COUNTIF(E2E!C2:C1000,"AC2") -> 2 | D12: =COUNTIFS(단위!C2:C1000,"AC2",단위!K2:K1000,"Pass")+COUNTIFS(통합!C2:C1000,"AC2",통합!K2:K1000,"Pass")+COUNTIFS(E2E!C2:C1000,"AC2",E2E!K2:K1000,"Pass") -> 2 | E12: =IF(D12=0,"미검증",IF(D12=C12,"O","X")) -> O
A13: AC3 | B13: 정상: 이력 목록에서 과거 분석 재조회 | C13: =COUNTIF(단위!C2:C1000,"AC3")+COUNTIF(통합!C2:C1000,"AC3")+COUNTIF(E2E!C2:C1000,"AC3") -> 2 | D13: =COUNTIFS(단위!C2:C1000,"AC3",단위!K2:K1000,"Pass")+COUNTIFS(통합!C2:C1000,"AC3",통합!K2:K1000,"Pass")+COUNTIFS(E2E!C2:C1000,"AC3",E2E!K2:K1000,"Pass") -> 2 | E13: =IF(D13=0,"미검증",IF(D13=C13,"O","X")) -> O
A14: AC4 | B14: 예외: 비공개/미존재/형식오류 레포 안내 | C14: =COUNTIF(단위!C2:C1000,"AC4")+COUNTIF(통합!C2:C1000,"AC4")+COUNTIF(E2E!C2:C1000,"AC4") -> 4 | D14: =COUNTIFS(단위!C2:C1000,"AC4",단위!K2:K1000,"Pass")+COUNTIFS(통합!C2:C1000,"AC4",통합!K2:K1000,"Pass")+COUNTIFS(E2E!C2:C1000,"AC4",E2E!K2:K1000,"Pass") -> 4 | E14: =IF(D14=0,"미검증",IF(D14=C14,"O","X")) -> O
A15: AC5 | B15: 예외: GitHub Rate Limit 초과 안내 | C15: =COUNTIF(단위!C2:C1000,"AC5")+COUNTIF(통합!C2:C1000,"AC5")+COUNTIF(E2E!C2:C1000,"AC5") -> 1 | D15: =COUNTIFS(단위!C2:C1000,"AC5",단위!K2:K1000,"Pass")+COUNTIFS(통합!C2:C1000,"AC5",통합!K2:K1000,"Pass")+COUNTIFS(E2E!C2:C1000,"AC5",E2E!K2:K1000,"Pass") -> 1 | E15: =IF(D15=0,"미검증",IF(D15=C15,"O","X")) -> O
A16: AC6 | B16: 예외: Notion 토큰 미설정/만료 안내(토큰값 비노출) | C16: =COUNTIF(단위!C2:C1000,"AC6")+COUNTIF(통합!C2:C1000,"AC6")+COUNTIF(E2E!C2:C1000,"AC6") -> 2 | D16: =COUNTIFS(단위!C2:C1000,"AC6",단위!K2:K1000,"Pass")+COUNTIFS(통합!C2:C1000,"AC6",통합!K2:K1000,"Pass")+COUNTIFS(E2E!C2:C1000,"AC6",E2E!K2:K1000,"Pass") -> 2 | E16: =IF(D16=0,"미검증",IF(D16=C16,"O","X")) -> O
A18: AC 전체 커버리지 | B18: =COUNTIF(E11:E16,"O")&"/6" -> 6/6
